client_data,industry_overview,document_text
"{'company_name': 'Microsoft', 'industry': 'Cloud Computing & Software', 'contact_email': 'support@microsoft.com', 'phone': '+1-800-642-7676', 'domain': 'microsoft.com', 'company_description': 'Leading technology company providing cloud services, software, and enterprise solutions worldwide.', 'is_seed': True}","The cloud computing and software market is currently experiencing strong growth, projected to reach over $1 trillion by 2027 driven by digital transformation initiatives and increasing adoption of AI and machine learning. Key challenges include data security and privacy concerns, talent shortages, and the complexities of managing multi-cloud environments. The future outlook remains positive, with continued innovation in cloud-native technologies, edge computing, and serverless architectures promising further market expansion and efficiency gains.",company microsoft industry cloud computing software contact email supportmicrosoftcom description leading technology company providing cloud services software enterprise solutions worldwide industry overview cloud computing software market currently experiencing strong growth projected reach 1 trillion 2027 driven digital transformation initiatives increasing adoption ai machine learning key challenges include data security privacy concerns talent shortages complexities managing multicloud environments future outlook remains positive continued innovation cloudnative technologies edge computing serverless architectures promising market expansion efficiency gains
"{'company_name': 'Apple', 'industry': 'Consumer Electronics & Software', 'contact_email': 'support@apple.com', 'phone': '+1-800-275-2273', 'domain': 'apple.com', 'company_description': 'Designs and manufactures consumer electronics, computer software, and online services.', 'is_seed': True}","The consumer electronics and software sector is currently experiencing robust growth, projected to reach over $1.7 trillion in 2024, driven by demand for AI-powered devices, cloud services, and immersive entertainment experiences. Key challenges include navigating ongoing supply chain disruptions, addressing data privacy concerns, and managing increased competition amidst rapidly evolving technological landscapes. The industry is expected to maintain a positive trajectory, with continued innovation in areas like the metaverse, IoT, and sustainable technology solutions fueling further expansion in the coming years.",company apple industry consumer electronics software contact email supportapplecom description designs manufactures consumer electronics computer software online services industry overview consumer electronics software sector currently experiencing robust growth projected reach 17 trillion 2024 driven demand aipowered devices cloud services immersive entertainment experiences key challenges include navigating ongoing supply chain disruptions addressing data privacy concerns managing increased competition amidst rapidly evolving technological landscapes industry expected maintain positive trajectory continued innovation areas like metaverse iot sustainable technology solutions fueling expansion coming years
"{'company_name': 'Amazon', 'industry': 'E-commerce & Cloud Computing', 'contact_email': 'customer-service@amazon.com', 'phone': '+1-888-280-4331', 'domain': 'amazon.com', 'company_description': 'Global e-commerce and cloud computing leader offering retail, AWS, and digital streaming services.', 'is_seed': True}","The global e-commerce market is booming, projected to reach $6.3 trillion in 2024, fueled by increasing online penetration and mobile commerce. The sector faces challenges including rising customer acquisition costs, intensifying competition, and the need to adapt to evolving data privacy regulations. E-commerce coupled with cloud computing is expected to grow at a CAGR of approximately 16% over the next five years, driven by continued digital transformation and the adoption of AI-powered solutions.",company amazon industry ecommerce cloud computing contact email customerserviceamazoncom description global ecommerce cloud computing leader offering retail aws digital streaming services industry overview global ecommerce market booming projected reach 63 trillion 2024 fueled increasing online penetration mobile commerce sector faces challenges including rising customer acquisition costs intensifying competition need adapt evolving data privacy regulations ecommerce coupled cloud computing expected grow cagr approximately 16 next five years driven continued digital transformation adoption aipowered solutions
"{'company_name': 'Google', 'industry': 'Internet Services & Technology', 'contact_email': 'support@google.com', 'phone': '+1-650-253-0000', 'domain': 'google.com', 'company_description': 'Specializes in Internet-related services including search, advertising, cloud computing, and AI.', 'is_seed': True}","The Internet Services & Technology sector is currently valued at trillions of dollars globally, fueled by booming e-commerce, cloud computing, and digital advertising. Key challenges include increasing cybersecurity threats, evolving regulatory landscapes concerning data privacy and antitrust, and a growing skills gap in areas like AI and machine learning. The future outlook projects continued growth, driven by emerging technologies like the Metaverse, Web3, and the increasing integration of AI across various online services, although growth rates may moderate compared to the pandemic-driven peaks.",company google industry internet services technology contact email supportgooglecom description specializes internetrelated services including search advertising cloud computing ai industry overview internet services technology sector currently valued trillions dollars globally fueled booming ecommerce cloud computing digital advertising key challenges include increasing cybersecurity threats evolving regulatory landscapes concerning data privacy antitrust growing skills gap areas like ai machine learning future outlook projects continued growth driven emerging technologies like metaverse web3 increasing integration ai across various online services although growth rates may moderate compared pandemicdriven peaks
"{'company_name': 'Meta', 'industry': 'Social Media & Technology', 'contact_email': 'support@meta.com', 'phone': '+1-650-543-4800', 'domain': 'meta.com', 'company_description': 'Social technology company focused on building connections through Facebook, Instagram, and virtual reality.', 'is_seed': True}","The social media and technology sector is a multi-trillion dollar industry experiencing growth driven by AI integration, metaverse development, and evolving user behavior, projected to reach over $6 trillion by 2027. Key challenges include navigating increasing regulatory scrutiny around data privacy and antitrust concerns, alongside combating misinformation and maintaining user trust in a rapidly evolving digital landscape. The future outlook for the sector is positive, with continued innovation in areas like augmented reality, decentralized social networks, and personalized digital experiences expected to fuel substantial growth, although economic uncertainties may impact advertising revenues.",company meta industry social media technology contact email supportmetacom description social technology company focused building connections facebook instagram virtual reality industry overview social media technology sector multitrillion dollar industry experiencing growth driven ai integration metaverse development evolving user behavior projected reach 6 trillion 2027 key challenges include navigating increasing regulatory scrutiny around data privacy antitrust concerns alongside combating misinformation maintaining user trust rapidly evolving digital landscape future outlook sector positive continued innovation areas like augmented reality decentralized social networks personalized digital experiences expected fuel substantial growth although economic uncertainties may impact advertising revenues
"{'company_name': 'Tesla', 'industry': 'Electric Vehicles & Clean Energy', 'contact_email': 'support@tesla.com', 'phone': '+1-888-518-3752', 'domain': 'tesla.com', 'company_description': 'Designs and manufactures electric vehicles, battery energy storage, and solar products.', 'is_seed': True}","The electric vehicle (EV) and clean energy sector is experiencing rapid growth, with the global EV market projected to reach over $800 billion in 2024 and the renewable energy sector seeing record investments exceeding $1.1 trillion in 2023, driven by increasing environmental concerns and government incentives. However, the industry faces challenges related to supply chain disruptions for critical minerals, high upfront costs for consumers, and the need for significant infrastructure development to support widespread adoption. Despite these hurdles, the future outlook remains highly positive, with analysts projecting continued double-digit growth in both sectors, fueled by technological advancements, declining costs, and increasing policy support for decarbonization efforts.",company tesla industry electric vehicles clean energy contact email supportteslacom description designs manufactures electric vehicles battery energy storage solar products industry overview electric vehicle ev clean energy sector experiencing rapid growth global ev market projected reach 800 billion 2024 renewable energy sector seeing record investments exceeding 11 trillion 2023 driven increasing environmental concerns government incentives however industry faces challenges related supply chain disruptions critical minerals high upfront costs consumers need significant infrastructure development support widespread adoption despite hurdles future outlook remains highly positive analysts projecting continued doubledigit growth sectors fueled technological advancements declining costs increasing policy support decarbonization efforts
"{'company_name': 'Netflix', 'industry': 'Streaming Entertainment', 'contact_email': 'info@netflix.com', 'phone': '+1-866-579-7172', 'domain': 'netflix.com', 'company_description': 'Provides subscription-based streaming service offering movies, TV series, and original content.', 'is_seed': True}","The global streaming entertainment market is currently estimated to be worth around $640 billion in 2024, driven by increasing internet penetration and demand for on-demand content. Key challenges include rising production costs, intense competition for subscribers leading to price wars and bundling strategies, and the ongoing threat of piracy. Despite these challenges, the market is projected to experience continued growth with forecasts estimating a market size of over $1 trillion by 2030, fueled by emerging markets and advancements in streaming technology.",company netflix industry streaming entertainment contact email infonetflixcom description provides subscriptionbased streaming service offering movies tv series original content industry overview global streaming entertainment market currently estimated worth around 640 billion 2024 driven increasing internet penetration demand ondemand content key challenges include rising production costs intense competition subscribers leading price wars bundling strategies ongoing threat piracy despite challenges market projected experience continued growth forecasts estimating market size 1 trillion 2030 fueled emerging markets advancements streaming technology
"{'company_name': 'Nvidia', 'industry': 'Graphics Processing & AI', 'contact_email': 'support@nvidia.com', 'phone': '+1-408-486-2000', 'domain': 'nvidia.com', 'company_description': 'Designs graphics processing units for gaming and professional markets, and AI computing platforms.', 'is_seed': True}","The Graphics Processing & AI sector is experiencing robust growth, with the global market size estimated at over $150 billion in 2023, driven by increasing demand for AI in various applications and the rise of generative AI workloads. Key challenges include the high cost of development and manufacturing of advanced chips, supply chain vulnerabilities and shortages, and ethical concerns surrounding AI bias and responsible deployment. Despite these challenges, the sector is projected to continue its upward trajectory, with forecasts anticipating significant growth in the coming years, fueled by advancements in AI, metaverse applications, and high-performance computing, reaching upwards of $300 billion by 2030.",company nvidia industry graphics processing ai contact email supportnvidiacom description designs graphics processing units gaming professional markets ai computing platforms industry overview graphics processing ai sector experiencing robust growth global market size estimated 150 billion 2023 driven increasing demand ai various applications rise generative ai workloads key challenges include high cost development manufacturing advanced chips supply chain vulnerabilities shortages ethical concerns surrounding ai bias responsible deployment despite challenges sector projected continue upward trajectory forecasts anticipating significant growth coming years fueled advancements ai metaverse applications highperformance computing reaching upwards 300 billion 2030
"{'company_name': 'Intel', 'industry': 'Semiconductor Manufacturing', 'contact_email': 'support@intel.com', 'phone': '+1-408-765-8080', 'domain': 'intel.com', 'company_description': 'Designs and manufactures microprocessors and other semiconductor components for computing devices.', 'is_seed': True}","The semiconductor manufacturing sector is currently a ~$600 billion market in 2024, driven by strong demand for AI, automotive, and high-performance computing applications. Key challenges include geopolitical risks, supply chain vulnerabilities, and the rising costs of advanced manufacturing technologies. Despite these hurdles, the industry is projected to reach nearly $1 trillion by 2030, fueled by continued technological advancements and expanding applications in various sectors like IoT and consumer electronics.",company intel industry semiconductor manufacturing contact email supportintelcom description designs manufactures microprocessors semiconductor components computing devices industry overview semiconductor manufacturing sector currently 600 billion market 2024 driven strong demand ai automotive highperformance computing applications key challenges include geopolitical risks supply chain vulnerabilities rising costs advanced manufacturing technologies despite hurdles industry projected reach nearly 1 trillion 2030 fueled continued technological advancements expanding applications various sectors like iot consumer electronics
"{'company_name': 'IBM', 'industry': 'Enterprise Technology & Consulting', 'contact_email': 'support@ibm.com', 'phone': '+1-800-426-4968', 'domain': 'ibm.com', 'company_description': 'Provides enterprise software, hardware, cloud computing, and IT consulting services.', 'is_seed': True}","The Enterprise Technology & Consulting sector is experiencing significant growth, projected to reach over $900 billion globally in 2024, driven by increasing digital transformation initiatives and cloud adoption. A key challenge is the ongoing talent shortage and the need to adapt to rapidly evolving technologies like AI and quantum computing, while managing complex cybersecurity threats. The future outlook remains positive, with continued demand for specialized consulting services and technology integration fueling growth, particularly in areas like data analytics and sustainable technology solutions, despite potential economic headwinds.",company ibm industry enterprise technology consulting contact email supportibmcom description provides enterprise software hardware cloud computing consulting services industry overview enterprise technology consulting sector experiencing significant growth projected reach 900 billion globally 2024 driven increasing digital transformation initiatives cloud adoption key challenge ongoing talent shortage need adapt rapidly evolving technologies like ai quantum computing managing complex cybersecurity threats future outlook remains positive continued demand specialized consulting services technology integration fueling growth particularly areas like data analytics sustainable technology solutions despite potential economic headwinds
"{'company_name': 'Oracle', 'industry': 'Enterprise Software & Cloud', 'contact_email': 'contact@oracle.com', 'phone': '+1-800-392-2999', 'domain': 'oracle.com', 'company_description': 'Develops enterprise software products, database management systems, and cloud solutions.', 'is_seed': True}","The enterprise software and cloud market is experiencing robust growth, projected to reach over $800 billion in 2024 driven by digital transformation initiatives and increasing demand for cloud-based solutions. However, the sector faces challenges including navigating economic uncertainty, addressing cybersecurity threats, and attracting and retaining skilled talent. Despite these hurdles, the future outlook remains positive, with experts anticipating continued expansion fueled by AI adoption, edge computing, and the evolution of SaaS offerings, forecasting a compound annual growth rate (CAGR) of 10-15% over the next five years.",company oracle industry enterprise software cloud contact email contactoraclecom description develops enterprise software products database management systems cloud solutions industry overview enterprise software cloud market experiencing robust growth projected reach 800 billion 2024 driven digital transformation initiatives increasing demand cloudbased solutions however sector faces challenges including navigating economic uncertainty addressing cybersecurity threats attracting retaining skilled talent despite hurdles future outlook remains positive experts anticipating continued expansion fueled ai adoption edge computing evolution saas offerings forecasting compound annual growth rate cagr 1015 next five years
"{'company_name': 'Salesforce', 'industry': 'Customer Relationship Management', 'contact_email': 'support@salesforce.com', 'phone': '+1-800-667-6389', 'domain': 'salesforce.com', 'company_description': 'Cloud-based software company specializing in CRM and enterprise applications.', 'is_seed': True}","The Customer Relationship Management (CRM) market is currently experiencing strong growth, estimated at around $63 billion in 2023 and driven by cloud-based solutions, AI integration, and a focus on personalized customer experiences. Key challenges for the industry include data security concerns, the complexity of integrating CRM systems with existing infrastructure, and the need to demonstrate a clear return on investment for CRM implementations. The future outlook for the CRM sector remains positive, with projections estimating the market to reach over $100 billion by 2029, fueled by increasing demand for improved customer engagement and enhanced data analytics capabilities.",company salesforce industry customer relationship management contact email supportsalesforcecom description cloudbased software company specializing crm enterprise applications industry overview customer relationship management crm market currently experiencing strong growth estimated around 63 billion 2023 driven cloudbased solutions ai integration focus personalized customer experiences key challenges industry include data security concerns complexity integrating crm systems existing infrastructure need demonstrate clear return investment crm implementations future outlook crm sector remains positive projections estimating market reach 100 billion 2029 fueled increasing demand improved customer engagement enhanced data analytics capabilities
"{'company_name': 'Adobe', 'industry': 'Creative Software & Digital Marketing', 'contact_email': 'support@adobe.com', 'phone': '+1-800-833-6687', 'domain': 'adobe.com', 'company_description': 'Develops multimedia and creativity software, digital marketing tools, and document solutions.', 'is_seed': True}","The creative software and digital marketing sector is currently a multi-billion dollar market, with estimates placing it around $700-800 billion globally in 2023, driven by increased demand for personalized customer experiences and AI-powered marketing automation solutions. Key challenges include navigating evolving data privacy regulations, adapting to rapidly changing digital platforms and algorithms, and addressing the talent shortage in specialized areas like AI and data analytics. Despite these hurdles, the industry is projected to continue its robust growth trajectory, potentially exceeding $1 trillion by 2026, fueled by advancements in immersive technologies, expanding e-commerce, and the ongoing shift towards digital-first strategies for businesses of all sizes.",company adobe industry creative software digital marketing contact email supportadobecom description develops multimedia creativity software digital marketing tools document solutions industry overview creative software digital marketing sector currently multibillion dollar market estimates placing around 700800 billion globally 2023 driven increased demand personalized customer experiences aipowered marketing automation solutions key challenges include navigating evolving data privacy regulations adapting rapidly changing digital platforms algorithms addressing talent shortage specialized areas like ai data analytics despite hurdles industry projected continue robust growth trajectory potentially exceeding 1 trillion 2026 fueled advancements immersive technologies expanding ecommerce ongoing shift towards digitalfirst strategies businesses sizes
"{'company_name': 'Cisco', 'industry': 'Networking & Communications', 'contact_email': 'support@cisco.com', 'phone': '+1-408-526-4000', 'domain': 'cisco.com', 'company_description': 'Designs and sells networking hardware, telecommunications equipment, and cybersecurity solutions.', 'is_seed': True}","The Networking & Communications sector is experiencing robust growth, projected to reach a market size of $725.8 billion in 2024, driven by rising demand for cloud computing, 5G, and IoT solutions (Source: Statista). Key challenges include cybersecurity threats, the complexity of managing increasingly distributed networks, and the persistent digital skills gap hampering innovation (Source: Deloitte). The future outlook is positive, with continued expansion expected, fueled by advancements in AI-driven network automation and edge computing, although geopolitical uncertainties and supply chain disruptions could impact growth (Source: Gartner).",company cisco industry networking communications contact email supportciscocom description designs sells networking hardware telecommunications equipment cybersecurity solutions industry overview networking communications sector experiencing robust growth projected reach market size 7258 billion 2024 driven rising demand cloud computing 5g iot solutions source statista key challenges include cybersecurity threats complexity managing increasingly distributed networks persistent digital skills gap hampering innovation source deloitte future outlook positive continued expansion expected fueled advancements aidriven network automation edge computing although geopolitical uncertainties supply chain disruptions could impact growth source gartner
"{'company_name': 'SAP', 'industry': 'Enterprise Resource Planning', 'contact_email': 'support@sap.com', 'phone': '+1-800-872-1727', 'domain': 'sap.com', 'company_description': 'Develops enterprise software to manage business operations and customer relations.', 'is_seed': True}","The global Enterprise Resource Planning (ERP) market is currently valued at approximately $55 billion in 2023, exhibiting a significant trend toward cloud-based solutions and intelligent ERP systems driven by AI and machine learning. Key challenges facing the industry include the high implementation costs, integration complexities with legacy systems, and the need for skilled professionals to manage and maintain these complex solutions. The ERP market is projected to reach over $80 billion by 2028, with a compound annual growth rate (CAGR) of around 8% as businesses increasingly prioritize digital transformation and process automation.",company sap industry enterprise resource planning contact email supportsapcom description develops enterprise software manage business operations customer relations industry overview global enterprise resource planning erp market currently valued approximately 55 billion 2023 exhibiting significant trend toward cloudbased solutions intelligent erp systems driven ai machine learning key challenges facing industry include high implementation costs integration complexities legacy systems need skilled professionals manage maintain complex solutions erp market projected reach 80 billion 2028 compound annual growth rate cagr around 8 businesses increasingly prioritize digital transformation process automation
"{'company_name': 'Shopify', 'industry': 'E-commerce Platform', 'contact_email': 'support@shopify.com', 'phone': '+1-888-746-7439', 'domain': 'shopify.com', 'company_description': 'Provides e-commerce platform for online stores and retail point-of-sale systems.', 'is_seed': True}","The global e-commerce platform market is experiencing robust growth, estimated at over $140 billion in 2023, driven by increasing online retail sales, mobile commerce adoption, and demand for personalized shopping experiences. Major challenges include intensifying competition, rising customer acquisition costs, and the need to adapt to evolving data privacy regulations. The market is projected to continue expanding significantly, with forecasts suggesting surpassing $200 billion by 2027, fueled by advancements in AI, omnichannel strategies, and expanding international markets.",company shopify industry ecommerce platform contact email supportshopifycom description provides ecommerce platform online stores retail pointofsale systems industry overview global ecommerce platform market experiencing robust growth estimated 140 billion 2023 driven increasing online retail sales mobile commerce adoption demand personalized shopping experiences major challenges include intensifying competition rising customer acquisition costs need adapt evolving data privacy regulations market projected continue expanding significantly forecasts suggesting surpassing 200 billion 2027 fueled advancements ai omnichannel strategies expanding international markets
"{'company_name': 'Spotify', 'industry': 'Music Streaming', 'contact_email': 'support@spotify.com', 'phone': '+46-8-120-249-80', 'domain': 'spotify.com', 'company_description': 'Digital music streaming service providing access to millions of songs and podcasts.', 'is_seed': True}","The music streaming market is experiencing robust growth, projected to reach approximately $48.2 billion in 2024 and is expected to grow to $64.1 billion by 2029, driven by increasing smartphone penetration and subscription adoption. Key challenges include maintaining profitability amid high royalty costs and competition, as well as combating piracy and ensuring fair compensation for artists. Despite these challenges, the industry is poised for continued expansion, with forecasts indicating significant growth in emerging markets and further innovation in audio technology like spatial audio and personalized experiences.",company spotify industry music streaming contact email supportspotifycom description digital music streaming service providing access millions songs podcasts industry overview music streaming market experiencing robust growth projected reach approximately 482 billion 2024 expected grow 641 billion 2029 driven increasing smartphone penetration subscription adoption key challenges include maintaining profitability amid high royalty costs competition well combating piracy ensuring fair compensation artists despite challenges industry poised continued expansion forecasts indicating significant growth emerging markets innovation audio technology like spatial audio personalized experiences
"{'company_name': 'Airbnb', 'industry': 'Hospitality & Travel', 'contact_email': 'support@airbnb.com', 'phone': '+1-844-234-2500', 'domain': 'airbnb.com', 'company_description': 'Online marketplace for short-term homestays and experiences in various locations worldwide.', 'is_seed': True}","The global hospitality and travel sector is currently experiencing strong growth, projected to reach over $9.5 trillion in 2024, fueled by pent-up demand for leisure travel and a resurgence in business travel. Key challenges include labor shortages, rising operational costs due to inflation, and adapting to evolving consumer preferences for sustainable and personalized experiences. The future outlook remains positive, with continued growth expected, driven by technological advancements like AI and virtual reality, and increasing demand from emerging markets, although economic uncertainties and geopolitical instability could impact projections.",company airbnb industry hospitality travel contact email supportairbnbcom description online marketplace shortterm homestays experiences various locations worldwide industry overview global hospitality travel sector currently experiencing strong growth projected reach 95 trillion 2024 fueled pentup demand leisure travel resurgence business travel key challenges include labor shortages rising operational costs due inflation adapting evolving consumer preferences sustainable personalized experiences future outlook remains positive continued growth expected driven technological advancements like ai virtual reality increasing demand emerging markets although economic uncertainties geopolitical instability could impact projections
"{'company_name': 'Uber', 'industry': 'Ride-sharing & Delivery', 'contact_email': 'support@uber.com', 'phone': '+1-800-593-7069', 'domain': 'uber.com', 'company_description': 'Provides ride-sharing, food delivery, package delivery, and freight transportation services.', 'is_seed': True}","The ride-sharing and delivery sector is experiencing substantial growth, with the global market size projected to reach over $500 billion in 2024, driven by increasing urbanization and demand for convenience. Key challenges include driver shortages and retention, rising fuel costs impacting profitability, and increasing regulatory scrutiny regarding labor practices and safety standards. Despite these hurdles, the sector is expected to continue its upward trajectory, forecasting consistent growth through 2030, fueled by technological advancements and expansion into new geographic markets and service offerings like autonomous delivery.",company uber industry ridesharing delivery contact email supportubercom description provides ridesharing food delivery package delivery freight transportation services industry overview ridesharing delivery sector experiencing substantial growth global market size projected reach 500 billion 2024 driven increasing urbanization demand convenience key challenges include driver shortages retention rising fuel costs impacting profitability increasing regulatory scrutiny regarding labor practices safety standards despite hurdles sector expected continue upward trajectory forecasting consistent growth 2030 fueled technological advancements expansion new geographic markets service offerings like autonomous delivery
"{'company_name': 'PayPal', 'industry': 'Digital Payments', 'contact_email': 'support@paypal.com', 'phone': '+1-888-221-1161', 'domain': 'paypal.com', 'company_description': 'Online payment system supporting money transfers and serving as electronic alternative to traditional methods.', 'is_seed': True}","The digital payments sector is experiencing robust growth, projected to reach a market size of approximately $10.28 trillion in 2024, driven by increasing e-commerce adoption and mobile payment usage. Key challenges include navigating evolving regulatory landscapes, ensuring robust cybersecurity measures to combat fraud, and addressing interoperability issues across different payment platforms. Future growth is anticipated to be substantial, with projections estimating a compound annual growth rate (CAGR) of around 12.07% through 2029, fueled by innovations in blockchain technology, contactless payments, and the expanding adoption of digital wallets.",company paypal industry digital payments contact email supportpaypalcom description online payment system supporting money transfers serving electronic alternative traditional methods industry overview digital payments sector experiencing robust growth projected reach market size approximately 1028 trillion 2024 driven increasing ecommerce adoption mobile payment usage key challenges include navigating evolving regulatory landscapes ensuring robust cybersecurity measures combat fraud addressing interoperability issues across different payment platforms future growth anticipated substantial projections estimating compound annual growth rate cagr around 1207 2029 fueled innovations blockchain technology contactless payments expanding adoption digital wallets
"{'company_name': 'Square', 'industry': 'Financial Services & Payments', 'contact_email': 'support@squareup.com', 'phone': '+1-855-700-6000', 'domain': 'squareup.com', 'company_description': 'Financial services and mobile payment company offering point-of-sale systems and business tools.', 'is_seed': True}","The financial services and payments sector is currently experiencing substantial growth, projected to reach a market size of $29.4 trillion in 2024, fueled by increasing digital adoption and demand for innovative payment solutions. Key challenges include navigating complex regulatory landscapes, combating escalating cybersecurity threats, and adapting to the rise of fintech disruptors. The future outlook remains positive, with projections indicating continued expansion driven by emerging technologies like blockchain and AI, alongside increasing demand for personalized financial services and embedded finance solutions.",company square industry financial services payments contact email supportsquareupcom description financial services mobile payment company offering pointofsale systems business tools industry overview financial services payments sector currently experiencing substantial growth projected reach market size 294 trillion 2024 fueled increasing digital adoption demand innovative payment solutions key challenges include navigating complex regulatory landscapes combating escalating cybersecurity threats adapting rise fintech disruptors future outlook remains positive projections indicating continued expansion driven emerging technologies like blockchain ai alongside increasing demand personalized financial services embedded finance solutions
"{'company_name': 'Zoom', 'industry': 'Video Communications', 'contact_email': 'support@zoom.us', 'phone': '+1-888-799-9666', 'domain': 'zoom.us', 'company_description': 'Provides video conferencing, online meetings, and cloud phone system services.', 'is_seed': True}","The video communications sector is experiencing robust growth, projected to reach approximately $15 billion in 2024 and driven by hybrid work models, increasing adoption of cloud-based solutions, and enhanced video conferencing features. A key challenge lies in ensuring seamless interoperability between diverse platforms, addressing security concerns related to data privacy during virtual interactions, and managing bandwidth demands for high-quality video experiences. Looking ahead, the industry is poised for continued expansion with advancements in AI-powered video analytics, immersive technologies like AR/VR integration, and increased adoption in healthcare, education, and government sectors, forecasting a CAGR of around 10% over the next five years.",company zoom industry video communications contact email supportzoomus description provides video conferencing online meetings cloud phone system services industry overview video communications sector experiencing robust growth projected reach approximately 15 billion 2024 driven hybrid work models increasing adoption cloudbased solutions enhanced video conferencing features key challenge lies ensuring seamless interoperability diverse platforms addressing security concerns related data privacy virtual interactions managing bandwidth demands highquality video experiences looking ahead industry poised continued expansion advancements aipowered video analytics immersive technologies like arvr integration increased adoption healthcare education government sectors forecasting cagr around 10 next five years
"{'company_name': 'Slack', 'industry': 'Business Communication', 'contact_email': 'support@slack.com', 'phone': '+1-800-531-0228', 'domain': 'slack.com', 'company_description': 'Cloud-based collaboration platform and messaging service for teams and businesses.', 'is_seed': True}","The global business communication market is estimated at approximately $65 billion in 2024, driven by the increasing adoption of cloud-based solutions and remote work models. Key challenges include maintaining data security and privacy amidst evolving cyber threats, as well as adapting to the diverse communication preferences of a multigenerational workforce. The sector is projected to experience continued growth, reaching over $85 billion by 2029, fueled by advancements in AI-powered communication tools and the rising demand for unified communication platforms.",company slack industry business communication contact email supportslackcom description cloudbased collaboration platform messaging service teams businesses industry overview global business communication market estimated approximately 65 billion 2024 driven increasing adoption cloudbased solutions remote work models key challenges include maintaining data security privacy amidst evolving cyber threats well adapting diverse communication preferences multigenerational workforce sector projected experience continued growth reaching 85 billion 2029 fueled advancements aipowered communication tools rising demand unified communication platforms
"{'company_name': 'Dropbox', 'industry': 'Cloud Storage & Collaboration', 'contact_email': 'support@dropbox.com', 'phone': '+1-866-277-6906', 'domain': 'dropbox.com', 'company_description': 'File hosting service offering cloud storage, file synchronization, and collaboration tools.', 'is_seed': True}","The cloud storage and collaboration market is experiencing significant growth, estimated at around $85 billion in 2023, driven by remote work adoption and increasing data volumes. Key challenges include data security concerns, managing compliance across diverse regulatory landscapes, and addressing vendor lock-in issues. Future projections indicate continued expansion, potentially exceeding $150 billion by 2028, fueled by AI integration and the growing demand for seamless, secure data access and sharing across organizations.",company dropbox industry cloud storage collaboration contact email supportdropboxcom description file hosting service offering cloud storage file synchronization collaboration tools industry overview cloud storage collaboration market experiencing significant growth estimated around 85 billion 2023 driven remote work adoption increasing data volumes key challenges include data security concerns managing compliance across diverse regulatory landscapes addressing vendor lockin issues future projections indicate continued expansion potentially exceeding 150 billion 2028 fueled ai integration growing demand seamless secure data access sharing across organizations
"{'company_name': 'Stripe', 'industry': 'Payment Processing', 'contact_email': 'support@stripe.com', 'phone': '+1-888-926-2289', 'domain': 'stripe.com', 'company_description': 'Technology company building economic infrastructure for the internet and online payment processing.', 'is_seed': True}","The global payment processing solutions market is experiencing robust growth, estimated at approximately $79.21 billion in 2024 and projected to reach $126.14 billion by 2029, fueled by the rise of e-commerce and mobile payments. Key challenges include increasing cybersecurity threats, complex regulatory landscapes, and the need to integrate emerging technologies like blockchain and AI to remain competitive. The future outlook anticipates further expansion driven by contactless payments, real-time payment systems, and embedded finance, especially in developing economies with increasing internet penetration and smartphone adoption.",company stripe industry payment processing contact email supportstripecom description technology company building economic infrastructure internet online payment processing industry overview global payment processing solutions market experiencing robust growth estimated approximately 7921 billion 2024 projected reach 12614 billion 2029 fueled rise ecommerce mobile payments key challenges include increasing cybersecurity threats complex regulatory landscapes need integrate emerging technologies like blockchain ai remain competitive future outlook anticipates expansion driven contactless payments realtime payment systems embedded finance especially developing economies increasing internet penetration smartphone adoption
"{'company_name': 'Atlassian', 'industry': 'Software Development Tools', 'contact_email': 'support@atlassian.com', 'phone': '+1-800-701-7211', 'domain': 'atlassian.com', 'company_description': 'Develops collaboration software for teams including Jira, Confluence, and Trello.', 'is_seed': True}","The software development tools market is currently experiencing robust growth, estimated at over $50 billion in 2023, driven by the increasing demand for digital transformation and cloud-native applications, with low-code/no-code platforms and AI-powered tools gaining significant traction.  Key challenges include a shortage of skilled developers, the complexity of modern development environments, and the need for robust security and compliance measures.  Looking ahead, the market is projected to continue its upward trajectory, potentially reaching over $80 billion by 2028, fueled by ongoing digital transformation, the rise of edge computing, and the increasing adoption of DevOps practices, with AI and automation playing an increasingly central role.",company atlassian industry software development tools contact email supportatlassiancom description develops collaboration software teams including jira confluence trello industry overview software development tools market currently experiencing robust growth estimated 50 billion 2023 driven increasing demand digital transformation cloudnative applications lowcodenocode platforms aipowered tools gaining significant traction key challenges include shortage skilled developers complexity modern development environments need robust security compliance measures looking ahead market projected continue upward trajectory potentially reaching 80 billion 2028 fueled ongoing digital transformation rise edge computing increasing adoption devops practices ai automation playing increasingly central role
"{'company_name': 'Snowflake', 'industry': 'Data Cloud & Analytics', 'contact_email': 'support@snowflake.com', 'phone': '+1-844-766-9355', 'domain': 'snowflake.com', 'company_description': 'Cloud-based data warehousing company providing data storage, processing, and analytics solutions.', 'is_seed': True}","The Data Cloud and Analytics market is currently experiencing strong growth, projected to reach over $540 billion by 2028, driven by increasing data volumes and the need for actionable insights. Key challenges include a shortage of skilled data scientists and engineers, as well as growing concerns around data privacy and security compliance. The future outlook remains positive, with continued innovation in AI-powered analytics and cloud-native platforms expected to fuel further expansion and adoption across various industries.",company snowflake industry data cloud analytics contact email supportsnowflakecom description cloudbased data warehousing company providing data storage processing analytics solutions industry overview data cloud analytics market currently experiencing strong growth projected reach 540 billion 2028 driven increasing data volumes need actionable insights key challenges include shortage skilled data scientists engineers well growing concerns around data privacy security compliance future outlook remains positive continued innovation aipowered analytics cloudnative platforms expected fuel expansion adoption across various industries
"{'company_name': 'Datadog', 'industry': 'Monitoring & Analytics', 'contact_email': 'support@datadoghq.com', 'phone': '+1-866-329-4466', 'domain': 'datadoghq.com', 'company_description': 'Monitoring and analytics platform for developers, IT operations, and business users.', 'is_seed': True}","The Monitoring & Analytics market is experiencing robust growth, projected to reach over $400 billion by 2029, fueled by increasing data volumes, cloud adoption, and the demand for real-time insights across various industries. Key challenges include data security and privacy concerns, the shortage of skilled data scientists and analysts, and the complexity of integrating disparate data sources. The future outlook is optimistic, with continued innovation in AI-powered analytics, edge computing, and predictive maintenance driving further expansion and enabling more proactive decision-making.",company datadog industry monitoring analytics contact email supportdatadoghqcom description monitoring analytics platform developers operations business users industry overview monitoring analytics market experiencing robust growth projected reach 400 billion 2029 fueled increasing data volumes cloud adoption demand realtime insights across various industries key challenges include data security privacy concerns shortage skilled data scientists analysts complexity integrating disparate data sources future outlook optimistic continued innovation aipowered analytics edge computing predictive maintenance driving expansion enabling proactive decisionmaking
"{'company_name': 'ServiceNow', 'industry': 'Enterprise Cloud Solutions', 'contact_email': 'support@servicenow.com', 'phone': '+1-877-859-4367', 'domain': 'servicenow.com', 'company_description': 'Cloud computing platform helping companies manage digital workflows for enterprise operations.', 'is_seed': True}","The enterprise cloud solutions market is experiencing robust growth, projected to reach around $650 billion in 2024 fueled by increasing adoption of hybrid and multi-cloud environments, and demand for AI-driven services. Key challenges include managing complex cloud environments, addressing cybersecurity threats, and a shortage of skilled cloud professionals. Despite these challenges, the future outlook remains positive, with experts forecasting continued double-digit growth driven by digital transformation initiatives and innovative cloud-native technologies, potentially reaching over $1 trillion by 2027.",company servicenow industry enterprise cloud solutions contact email supportservicenowcom description cloud computing platform helping companies manage digital workflows enterprise operations industry overview enterprise cloud solutions market experiencing robust growth projected reach around 650 billion 2024 fueled increasing adoption hybrid multicloud environments demand aidriven services key challenges include managing complex cloud environments addressing cybersecurity threats shortage skilled cloud professionals despite challenges future outlook remains positive experts forecasting continued doubledigit growth driven digital transformation initiatives innovative cloudnative technologies potentially reaching 1 trillion 2027
"{'company_name': 'Twilio', 'industry': 'Cloud Communications', 'contact_email': 'support@twilio.com', 'phone': '+1-888-908-9454', 'domain': 'twilio.com', 'company_description': 'Cloud communications platform providing programmable communication tools for voice, messaging, and video.', 'is_seed': True}","The cloud communications market is currently experiencing robust growth, estimated at around $65 billion in 2023 and driven by increased remote work adoption and demand for unified communications solutions.  Key challenges include ensuring data security and privacy compliance across global environments, as well as managing integration complexities with existing legacy systems.  Looking ahead, the sector is projected to reach over $100 billion by 2028, fueled by advancements in AI-powered communication tools and the continued expansion of cloud-based infrastructure.",company twilio industry cloud communications contact email supporttwiliocom description cloud communications platform providing programmable communication tools voice messaging video industry overview cloud communications market currently experiencing robust growth estimated around 65 billion 2023 driven increased remote work adoption demand unified communications solutions key challenges include ensuring data security privacy compliance across global environments well managing integration complexities existing legacy systems looking ahead sector projected reach 100 billion 2028 fueled advancements aipowered communication tools continued expansion cloudbased infrastructure
"{'company_name': 'Shopee', 'industry': 'E-commerce & Online Marketplace', 'contact_email': 'support@shopee.sg', 'phone': '+65-6805-6000', 'domain': 'shopee.sg', 'company_description': 'Leading e-commerce platform in Southeast Asia and Taiwan, offering online shopping, logistics, and digital payment services.', 'is_seed': True}","The global e-commerce market is currently valued at approximately $6.3 trillion in 2024 and is experiencing a strong upward trend driven by increased internet penetration and shifting consumer preferences toward online shopping. Key challenges include navigating complex supply chains, intensifying competition from established giants and emerging players, and addressing growing consumer demands for personalized experiences and sustainable practices. Future projections estimate a compound annual growth rate (CAGR) of around 10% over the next several years, with further expansion into emerging markets and innovations in areas like AI-powered shopping and omnichannel commerce fueling continued growth.",company shopee industry ecommerce online marketplace contact email supportshopeesg description leading ecommerce platform southeast asia taiwan offering online shopping logistics digital payment services industry overview global ecommerce market currently valued approximately 63 trillion 2024 experiencing strong upward trend driven increased internet penetration shifting consumer preferences toward online shopping key challenges include navigating complex supply chains intensifying competition established giants emerging players addressing growing consumer demands personalized experiences sustainable practices future projections estimate compound annual growth rate cagr around 10 next several years expansion emerging markets innovations areas like aipowered shopping omnichannel commerce fueling continued growth
