client_data,industry_overview
"{'company_name': 'Microsoft', 'industry': 'Cloud Computing & Software', 'contact_email': 'support@microsoft.com', 'phone': '+1-800-642-7676', 'domain': 'microsoft.com', 'company_description': 'Leading technology company providing cloud services, software, and enterprise solutions worldwide.', 'is_seed': True}","The cloud computing and software market is currently experiencing strong growth, projected to reach over $1 trillion by 2027 driven by digital transformation initiatives and increasing adoption of AI and machine learning. Key challenges include data security and privacy concerns, talent shortages, and the complexities of managing multi-cloud environments. The future outlook remains positive, with continued innovation in cloud-native technologies, edge computing, and serverless architectures promising further market expansion and efficiency gains."
"{'company_name': 'Apple', 'industry': 'Consumer Electronics & Software', 'contact_email': 'support@apple.com', 'phone': '+1-800-275-2273', 'domain': 'apple.com', 'company_description': 'Designs and manufactures consumer electronics, computer software, and online services.', 'is_seed': True}","The consumer electronics and software sector is currently experiencing robust growth, projected to reach over $1.7 trillion in 2024, driven by demand for AI-powered devices, cloud services, and immersive entertainment experiences. Key challenges include navigating ongoing supply chain disruptions, addressing data privacy concerns, and managing increased competition amidst rapidly evolving technological landscapes. The industry is expected to maintain a positive trajectory, with continued innovation in areas like the metaverse, IoT, and sustainable technology solutions fueling further expansion in the coming years."
"{'company_name': 'Amazon', 'industry': 'E-commerce & Cloud Computing', 'contact_email': 'customer-service@amazon.com', 'phone': '+1-888-280-4331', 'domain': 'amazon.com', 'company_description': 'Global e-commerce and cloud computing leader offering retail, AWS, and digital streaming services.', 'is_seed': True}","The global e-commerce market is booming, projected to reach $6.3 trillion in 2024, fueled by increasing online penetration and mobile commerce. The sector faces challenges including rising customer acquisition costs, intensifying competition, and the need to adapt to evolving data privacy regulations. E-commerce coupled with cloud computing is expected to grow at a CAGR of approximately 16% over the next five years, driven by continued digital transformation and the adoption of AI-powered solutions."
"{'company_name': 'Google', 'industry': 'Internet Services & Technology', 'contact_email': 'support@google.com', 'phone': '+1-650-253-0000', 'domain': 'google.com', 'company_description': 'Specializes in Internet-related services including search, advertising, cloud computing, and AI.', 'is_seed': True}","The Internet Services & Technology sector is currently valued at trillions of dollars globally, fueled by booming e-commerce, cloud computing, and digital advertising. Key challenges include increasing cybersecurity threats, evolving regulatory landscapes concerning data privacy and antitrust, and a growing skills gap in areas like AI and machine learning. The future outlook projects continued growth, driven by emerging technologies like the Metaverse, Web3, and the increasing integration of AI across various online services, although growth rates may moderate compared to the pandemic-driven peaks."
"{'company_name': 'Meta', 'industry': 'Social Media & Technology', 'contact_email': 'support@meta.com', 'phone': '+1-650-543-4800', 'domain': 'meta.com', 'company_description': 'Social technology company focused on building connections through Facebook, Instagram, and virtual reality.', 'is_seed': True}","The social media and technology sector is a multi-trillion dollar industry experiencing growth driven by AI integration, metaverse development, and evolving user behavior, projected to reach over $6 trillion by 2027. Key challenges include navigating increasing regulatory scrutiny around data privacy and antitrust concerns, alongside combating misinformation and maintaining user trust in a rapidly evolving digital landscape. The future outlook for the sector is positive, with continued innovation in areas like augmented reality, decentralized social networks, and personalized digital experiences expected to fuel substantial growth, although economic uncertainties may impact advertising revenues."
"{'company_name': 'Tesla', 'industry': 'Electric Vehicles & Clean Energy', 'contact_email': 'support@tesla.com', 'phone': '+1-888-518-3752', 'domain': 'tesla.com', 'company_description': 'Designs and manufactures electric vehicles, battery energy storage, and solar products.', 'is_seed': True}","The electric vehicle (EV) and clean energy sector is experiencing rapid growth, with the global EV market projected to reach over $800 billion in 2024 and the renewable energy sector seeing record investments exceeding $1.1 trillion in 2023, driven by increasing environmental concerns and government incentives. However, the industry faces challenges related to supply chain disruptions for critical minerals, high upfront costs for consumers, and the need for significant infrastructure development to support widespread adoption. Despite these hurdles, the future outlook remains highly positive, with analysts projecting continued double-digit growth in both sectors, fueled by technological advancements, declining costs, and increasing policy support for decarbonization efforts."
"{'company_name': 'Netflix', 'industry': 'Streaming Entertainment', 'contact_email': 'info@netflix.com', 'phone': '+1-866-579-7172', 'domain': 'netflix.com', 'company_description': 'Provides subscription-based streaming service offering movies, TV series, and original content.', 'is_seed': True}","The global streaming entertainment market is currently estimated to be worth around $640 billion in 2024, driven by increasing internet penetration and demand for on-demand content. Key challenges include rising production costs, intense competition for subscribers leading to price wars and bundling strategies, and the ongoing threat of piracy. Despite these challenges, the market is projected to experience continued growth with forecasts estimating a market size of over $1 trillion by 2030, fueled by emerging markets and advancements in streaming technology."
"{'company_name': 'Nvidia', 'industry': 'Graphics Processing & AI', 'contact_email': 'support@nvidia.com', 'phone': '+1-408-486-2000', 'domain': 'nvidia.com', 'company_description': 'Designs graphics processing units for gaming and professional markets, and AI computing platforms.', 'is_seed': True}","The Graphics Processing & AI sector is experiencing robust growth, with the global market size estimated at over $150 billion in 2023, driven by increasing demand for AI in various applications and the rise of generative AI workloads. Key challenges include the high cost of development and manufacturing of advanced chips, supply chain vulnerabilities and shortages, and ethical concerns surrounding AI bias and responsible deployment. Despite these challenges, the sector is projected to continue its upward trajectory, with forecasts anticipating significant growth in the coming years, fueled by advancements in AI, metaverse applications, and high-performance computing, reaching upwards of $300 billion by 2030."
"{'company_name': 'Intel', 'industry': 'Semiconductor Manufacturing', 'contact_email': 'support@intel.com', 'phone': '+1-408-765-8080', 'domain': 'intel.com', 'company_description': 'Designs and manufactures microprocessors and other semiconductor components for computing devices.', 'is_seed': True}","The semiconductor manufacturing sector is currently a ~$600 billion market in 2024, driven by strong demand for AI, automotive, and high-performance computing applications. Key challenges include geopolitical risks, supply chain vulnerabilities, and the rising costs of advanced manufacturing technologies. Despite these hurdles, the industry is projected to reach nearly $1 trillion by 2030, fueled by continued technological advancements and expanding applications in various sectors like IoT and consumer electronics."
"{'company_name': 'IBM', 'industry': 'Enterprise Technology & Consulting', 'contact_email': 'support@ibm.com', 'phone': '+1-800-426-4968', 'domain': 'ibm.com', 'company_description': 'Provides enterprise software, hardware, cloud computing, and IT consulting services.', 'is_seed': True}","The Enterprise Technology & Consulting sector is experiencing significant growth, projected to reach over $900 billion globally in 2024, driven by increasing digital transformation initiatives and cloud adoption. A key challenge is the ongoing talent shortage and the need to adapt to rapidly evolving technologies like AI and quantum computing, while managing complex cybersecurity threats. The future outlook remains positive, with continued demand for specialized consulting services and technology integration fueling growth, particularly in areas like data analytics and sustainable technology solutions, despite potential economic headwinds."
"{'company_name': 'Oracle', 'industry': 'Enterprise Software & Cloud', 'contact_email': 'contact@oracle.com', 'phone': '+1-800-392-2999', 'domain': 'oracle.com', 'company_description': 'Develops enterprise software products, database management systems, and cloud solutions.', 'is_seed': True}","The enterprise software and cloud market is experiencing robust growth, projected to reach over $800 billion in 2024 driven by digital transformation initiatives and increasing demand for cloud-based solutions. However, the sector faces challenges including navigating economic uncertainty, addressing cybersecurity threats, and attracting and retaining skilled talent. Despite these hurdles, the future outlook remains positive, with experts anticipating continued expansion fueled by AI adoption, edge computing, and the evolution of SaaS offerings, forecasting a compound annual growth rate (CAGR) of 10-15% over the next five years."
"{'company_name': 'Salesforce', 'industry': 'Customer Relationship Management', 'contact_email': 'support@salesforce.com', 'phone': '+1-800-667-6389', 'domain': 'salesforce.com', 'company_description': 'Cloud-based software company specializing in CRM and enterprise applications.', 'is_seed': True}","The Customer Relationship Management (CRM) market is currently experiencing strong growth, estimated at around $63 billion in 2023 and driven by cloud-based solutions, AI integration, and a focus on personalized customer experiences. Key challenges for the industry include data security concerns, the complexity of integrating CRM systems with existing infrastructure, and the need to demonstrate a clear return on investment for CRM implementations. The future outlook for the CRM sector remains positive, with projections estimating the market to reach over $100 billion by 2029, fueled by increasing demand for improved customer engagement and enhanced data analytics capabilities."
"{'company_name': 'Adobe', 'industry': 'Creative Software & Digital Marketing', 'contact_email': 'support@adobe.com', 'phone': '+1-800-833-6687', 'domain': 'adobe.com', 'company_description': 'Develops multimedia and creativity software, digital marketing tools, and document solutions.', 'is_seed': True}","The creative software and digital marketing sector is currently a multi-billion dollar market, with estimates placing it around $700-800 billion globally in 2023, driven by increased demand for personalized customer experiences and AI-powered marketing automation solutions. Key challenges include navigating evolving data privacy regulations, adapting to rapidly changing digital platforms and algorithms, and addressing the talent shortage in specialized areas like AI and data analytics. Despite these hurdles, the industry is projected to continue its robust growth trajectory, potentially exceeding $1 trillion by 2026, fueled by advancements in immersive technologies, expanding e-commerce, and the ongoing shift towards digital-first strategies for businesses of all sizes."
"{'company_name': 'Cisco', 'industry': 'Networking & Communications', 'contact_email': 'support@cisco.com', 'phone': '+1-408-526-4000', 'domain': 'cisco.com', 'company_description': 'Designs and sells networking hardware, telecommunications equipment, and cybersecurity solutions.', 'is_seed': True}","The Networking & Communications sector is experiencing robust growth, projected to reach a market size of $725.8 billion in 2024, driven by rising demand for cloud computing, 5G, and IoT solutions (Source: Statista). Key challenges include cybersecurity threats, the complexity of managing increasingly distributed networks, and the persistent digital skills gap hampering innovation (Source: Deloitte). The future outlook is positive, with continued expansion expected, fueled by advancements in AI-driven network automation and edge computing, although geopolitical uncertainties and supply chain disruptions could impact growth (Source: Gartner)."
"{'company_name': 'SAP', 'industry': 'Enterprise Resource Planning', 'contact_email': 'support@sap.com', 'phone': '+1-800-872-1727', 'domain': 'sap.com', 'company_description': 'Develops enterprise software to manage business operations and customer relations.', 'is_seed': True}","The global Enterprise Resource Planning (ERP) market is currently valued at approximately $55 billion in 2023, exhibiting a significant trend toward cloud-based solutions and intelligent ERP systems driven by AI and machine learning. Key challenges facing the industry include the high implementation costs, integration complexities with legacy systems, and the need for skilled professionals to manage and maintain these complex solutions. The ERP market is projected to reach over $80 billion by 2028, with a compound annual growth rate (CAGR) of around 8% as businesses increasingly prioritize digital transformation and process automation."
"{'company_name': 'Shopify', 'industry': 'E-commerce Platform', 'contact_email': 'support@shopify.com', 'phone': '+1-888-746-7439', 'domain': 'shopify.com', 'company_description': 'Provides e-commerce platform for online stores and retail point-of-sale systems.', 'is_seed': True}","The global e-commerce platform market is experiencing robust growth, estimated at over $140 billion in 2023, driven by increasing online retail sales, mobile commerce adoption, and demand for personalized shopping experiences. Major challenges include intensifying competition, rising customer acquisition costs, and the need to adapt to evolving data privacy regulations. The market is projected to continue expanding significantly, with forecasts suggesting surpassing $200 billion by 2027, fueled by advancements in AI, omnichannel strategies, and expanding international markets."
"{'company_name': 'Spotify', 'industry': 'Music Streaming', 'contact_email': 'support@spotify.com', 'phone': '+46-8-120-249-80', 'domain': 'spotify.com', 'company_description': 'Digital music streaming service providing access to millions of songs and podcasts.', 'is_seed': True}","The music streaming market is experiencing robust growth, projected to reach approximately $48.2 billion in 2024 and is expected to grow to $64.1 billion by 2029, driven by increasing smartphone penetration and subscription adoption. Key challenges include maintaining profitability amid high royalty costs and competition, as well as combating piracy and ensuring fair compensation for artists. Despite these challenges, the industry is poised for continued expansion, with forecasts indicating significant growth in emerging markets and further innovation in audio technology like spatial audio and personalized experiences."
"{'company_name': 'Airbnb', 'industry': 'Hospitality & Travel', 'contact_email': 'support@airbnb.com', 'phone': '+1-844-234-2500', 'domain': 'airbnb.com', 'company_description': 'Online marketplace for short-term homestays and experiences in various locations worldwide.', 'is_seed': True}","The global hospitality and travel sector is currently experiencing strong growth, projected to reach over $9.5 trillion in 2024, fueled by pent-up demand for leisure travel and a resurgence in business travel. Key challenges include labor shortages, rising operational costs due to inflation, and adapting to evolving consumer preferences for sustainable and personalized experiences. The future outlook remains positive, with continued growth expected, driven by technological advancements like AI and virtual reality, and increasing demand from emerging markets, although economic uncertainties and geopolitical instability could impact projections."
"{'company_name': 'Uber', 'industry': 'Ride-sharing & Delivery', 'contact_email': 'support@uber.com', 'phone': '+1-800-593-7069', 'domain': 'uber.com', 'company_description': 'Provides ride-sharing, food delivery, package delivery, and freight transportation services.', 'is_seed': True}","The ride-sharing and delivery sector is experiencing substantial growth, with the global market size projected to reach over $500 billion in 2024, driven by increasing urbanization and demand for convenience. Key challenges include driver shortages and retention, rising fuel costs impacting profitability, and increasing regulatory scrutiny regarding labor practices and safety standards. Despite these hurdles, the sector is expected to continue its upward trajectory, forecasting consistent growth through 2030, fueled by technological advancements and expansion into new geographic markets and service offerings like autonomous delivery."
"{'company_name': 'PayPal', 'industry': 'Digital Payments', 'contact_email': 'support@paypal.com', 'phone': '+1-888-221-1161', 'domain': 'paypal.com', 'company_description': 'Online payment system supporting money transfers and serving as electronic alternative to traditional methods.', 'is_seed': True}","The digital payments sector is experiencing robust growth, projected to reach a market size of approximately $10.28 trillion in 2024, driven by increasing e-commerce adoption and mobile payment usage. Key challenges include navigating evolving regulatory landscapes, ensuring robust cybersecurity measures to combat fraud, and addressing interoperability issues across different payment platforms. Future growth is anticipated to be substantial, with projections estimating a compound annual growth rate (CAGR) of around 12.07% through 2029, fueled by innovations in blockchain technology, contactless payments, and the expanding adoption of digital wallets."
"{'company_name': 'Square', 'industry': 'Financial Services & Payments', 'contact_email': 'support@squareup.com', 'phone': '+1-855-700-6000', 'domain': 'squareup.com', 'company_description': 'Financial services and mobile payment company offering point-of-sale systems and business tools.', 'is_seed': True}","The financial services and payments sector is currently experiencing substantial growth, projected to reach a market size of $29.4 trillion in 2024, fueled by increasing digital adoption and demand for innovative payment solutions. Key challenges include navigating complex regulatory landscapes, combating escalating cybersecurity threats, and adapting to the rise of fintech disruptors. The future outlook remains positive, with projections indicating continued expansion driven by emerging technologies like blockchain and AI, alongside increasing demand for personalized financial services and embedded finance solutions."
"{'company_name': 'Zoom', 'industry': 'Video Communications', 'contact_email': 'support@zoom.us', 'phone': '+1-888-799-9666', 'domain': 'zoom.us', 'company_description': 'Provides video conferencing, online meetings, and cloud phone system services.', 'is_seed': True}","The video communications sector is experiencing robust growth, projected to reach approximately $15 billion in 2024 and driven by hybrid work models, increasing adoption of cloud-based solutions, and enhanced video conferencing features. A key challenge lies in ensuring seamless interoperability between diverse platforms, addressing security concerns related to data privacy during virtual interactions, and managing bandwidth demands for high-quality video experiences. Looking ahead, the industry is poised for continued expansion with advancements in AI-powered video analytics, immersive technologies like AR/VR integration, and increased adoption in healthcare, education, and government sectors, forecasting a CAGR of around 10% over the next five years."
"{'company_name': 'Slack', 'industry': 'Business Communication', 'contact_email': 'support@slack.com', 'phone': '+1-800-531-0228', 'domain': 'slack.com', 'company_description': 'Cloud-based collaboration platform and messaging service for teams and businesses.', 'is_seed': True}","The global business communication market is estimated at approximately $65 billion in 2024, driven by the increasing adoption of cloud-based solutions and remote work models. Key challenges include maintaining data security and privacy amidst evolving cyber threats, as well as adapting to the diverse communication preferences of a multigenerational workforce. The sector is projected to experience continued growth, reaching over $85 billion by 2029, fueled by advancements in AI-powered communication tools and the rising demand for unified communication platforms."
"{'company_name': 'Dropbox', 'industry': 'Cloud Storage & Collaboration', 'contact_email': 'support@dropbox.com', 'phone': '+1-866-277-6906', 'domain': 'dropbox.com', 'company_description': 'File hosting service offering cloud storage, file synchronization, and collaboration tools.', 'is_seed': True}","The cloud storage and collaboration market is experiencing significant growth, estimated at around $85 billion in 2023, driven by remote work adoption and increasing data volumes. Key challenges include data security concerns, managing compliance across diverse regulatory landscapes, and addressing vendor lock-in issues. Future projections indicate continued expansion, potentially exceeding $150 billion by 2028, fueled by AI integration and the growing demand for seamless, secure data access and sharing across organizations."
"{'company_name': 'Stripe', 'industry': 'Payment Processing', 'contact_email': 'support@stripe.com', 'phone': '+1-888-926-2289', 'domain': 'stripe.com', 'company_description': 'Technology company building economic infrastructure for the internet and online payment processing.', 'is_seed': True}","The global payment processing solutions market is experiencing robust growth, estimated at approximately $79.21 billion in 2024 and projected to reach $126.14 billion by 2029, fueled by the rise of e-commerce and mobile payments. Key challenges include increasing cybersecurity threats, complex regulatory landscapes, and the need to integrate emerging technologies like blockchain and AI to remain competitive. The future outlook anticipates further expansion driven by contactless payments, real-time payment systems, and embedded finance, especially in developing economies with increasing internet penetration and smartphone adoption."
"{'company_name': 'Atlassian', 'industry': 'Software Development Tools', 'contact_email': 'support@atlassian.com', 'phone': '+1-800-701-7211', 'domain': 'atlassian.com', 'company_description': 'Develops collaboration software for teams including Jira, Confluence, and Trello.', 'is_seed': True}","The software development tools market is currently experiencing robust growth, estimated at over $50 billion in 2023, driven by the increasing demand for digital transformation and cloud-native applications, with low-code/no-code platforms and AI-powered tools gaining significant traction.  Key challenges include a shortage of skilled developers, the complexity of modern development environments, and the need for robust security and compliance measures.  Looking ahead, the market is projected to continue its upward trajectory, potentially reaching over $80 billion by 2028, fueled by ongoing digital transformation, the rise of edge computing, and the increasing adoption of DevOps practices, with AI and automation playing an increasingly central role."
"{'company_name': 'Snowflake', 'industry': 'Data Cloud & Analytics', 'contact_email': 'support@snowflake.com', 'phone': '+1-844-766-9355', 'domain': 'snowflake.com', 'company_description': 'Cloud-based data warehousing company providing data storage, processing, and analytics solutions.', 'is_seed': True}","The Data Cloud and Analytics market is currently experiencing strong growth, projected to reach over $540 billion by 2028, driven by increasing data volumes and the need for actionable insights. Key challenges include a shortage of skilled data scientists and engineers, as well as growing concerns around data privacy and security compliance. The future outlook remains positive, with continued innovation in AI-powered analytics and cloud-native platforms expected to fuel further expansion and adoption across various industries."
"{'company_name': 'Datadog', 'industry': 'Monitoring & Analytics', 'contact_email': 'support@datadoghq.com', 'phone': '+1-866-329-4466', 'domain': 'datadoghq.com', 'company_description': 'Monitoring and analytics platform for developers, IT operations, and business users.', 'is_seed': True}","The Monitoring & Analytics market is experiencing robust growth, projected to reach over $400 billion by 2029, fueled by increasing data volumes, cloud adoption, and the demand for real-time insights across various industries. Key challenges include data security and privacy concerns, the shortage of skilled data scientists and analysts, and the complexity of integrating disparate data sources. The future outlook is optimistic, with continued innovation in AI-powered analytics, edge computing, and predictive maintenance driving further expansion and enabling more proactive decision-making."
"{'company_name': 'ServiceNow', 'industry': 'Enterprise Cloud Solutions', 'contact_email': 'support@servicenow.com', 'phone': '+1-877-859-4367', 'domain': 'servicenow.com', 'company_description': 'Cloud computing platform helping companies manage digital workflows for enterprise operations.', 'is_seed': True}","The enterprise cloud solutions market is experiencing robust growth, projected to reach around $650 billion in 2024 fueled by increasing adoption of hybrid and multi-cloud environments, and demand for AI-driven services. Key challenges include managing complex cloud environments, addressing cybersecurity threats, and a shortage of skilled cloud professionals. Despite these challenges, the future outlook remains positive, with experts forecasting continued double-digit growth driven by digital transformation initiatives and innovative cloud-native technologies, potentially reaching over $1 trillion by 2027."
"{'company_name': 'Twilio', 'industry': 'Cloud Communications', 'contact_email': 'support@twilio.com', 'phone': '+1-888-908-9454', 'domain': 'twilio.com', 'company_description': 'Cloud communications platform providing programmable communication tools for voice, messaging, and video.', 'is_seed': True}","The cloud communications market is currently experiencing robust growth, estimated at around $65 billion in 2023 and driven by increased remote work adoption and demand for unified communications solutions.  Key challenges include ensuring data security and privacy compliance across global environments, as well as managing integration complexities with existing legacy systems.  Looking ahead, the sector is projected to reach over $100 billion by 2028, fueled by advancements in AI-powered communication tools and the continued expansion of cloud-based infrastructure."
"{'company_name': 'Shopee', 'industry': 'E-commerce & Online Marketplace', 'contact_email': 'support@shopee.sg', 'phone': '+65-6805-6000', 'domain': 'shopee.sg', 'company_description': 'Leading e-commerce platform in Southeast Asia and Taiwan, offering online shopping, logistics, and digital payment services.', 'is_seed': True}","The global e-commerce market is currently valued at approximately $6.3 trillion in 2024 and is experiencing a strong upward trend driven by increased internet penetration and shifting consumer preferences toward online shopping. Key challenges include navigating complex supply chains, intensifying competition from established giants and emerging players, and addressing growing consumer demands for personalized experiences and sustainable practices. Future projections estimate a compound annual growth rate (CAGR) of around 10% over the next several years, with further expansion into emerging markets and innovations in areas like AI-powered shopping and omnichannel commerce fueling continued growth."
